Title,imdbRating,Nominated_Golden_Globe,Won_Golden_Globe,total_nominated,total_award,Won
Roadkill,6.7,0,0,0,0,0
Social Distance,4.7,0,0,0,0,0
Connected: The Hidden Science of Everything,7.5,0,0,0,0,0
Twenties,5.6,0,0,0,0,0
The Not Too Late Show with Elmo,7.7,0,0,0,0,0
The Barrier,6.3,0,0,0,0,0
Cooked with Cannabis,6.8,0,0,0,0,0
50 States of Fright,6.4,0,0,0,0,0
Dishmantled,6.0,0,0,0,0,0
Long Way Up,8.5,0,0,0,0,0
The Great Heist,7.4,0,0,0,0,0
Cursed Films,7.1,0,0,0,0,0
Homemade,6.0,0,0,0,0,0
Three Busy Debras,5.2,0,0,0,0,0
Buddi,7.6,0,0,0,0,0
Cherish the Day,5.9,0,0,0,0,0
Ultimate Tag,4.8,0,0,0,0,0
Vamos Juan,7.0,0,0,0,0,0
World's Toughest Race: Eco-Challenge Fiji,7.5,0,0,0,0,0
We Hunt Together,6.7,0,0,0,0,0
Earth to Ned,7.3,0,0,0,0,0
A Suitable Boy,6.3,0,0,0,0,0
Trackers,6.3,0,0,0,0,0
Great Pretender,8.1,0,0,0,0,0
Sneakerheads,5.8,0,0,0,0,0
Unsolved Mysteries,7.4,0,0,6,0,0
Coroner,6.7,0,0,0,0,0
Noughts + Crosses,6.2,0,0,0,0,0
Kipo and the Age of Wonderbeasts,8.3,0,0,0,0,0
Taste the Nation with Padma Lakshmi,8.3,0,0,0,0,0
When the Streetlights Go On,6.7,0,0,0,0,0
Selena + Chef,8.5,0,0,0,0,0
Get Organized with the Home Edit,5.0,0,0,0,0,0
Trial by Media,7.2,0,0,0,0,0
United We Fall,5.9,0,0,0,0,0
Transplant,7.8,0,0,0,0,0
Spectros,4.5,0,0,0,0,0
Baptiste,7.2,0,0,0,0,0
Filthy Rich,5.8,0,0,1,0,0
Love on the Spectrum,8.6,0,0,0,0,0
Freud,6.5,0,0,0,0,0
Bulle,8.2,0,0,0,0,0
Indian Matchmaking,6.2,0,0,0,0,0
Beecham House,6.6,0,0,0,0,0
Survive,6.0,0,0,1,0,0
Sex Explained,6.9,0,0,0,0,0
Crazy Delicious,6.7,0,0,0,0,0
Daly Grind,6.1,0,0,0,0,0
Most Dangerous Game,7.3,0,0,2,0,0
LOL: Last One Laughing Australia,6.4,0,0,0,0,0
Matarife,7.1,0,0,0,0,0
World on Fire,7.2,0,0,0,0,0
Pandemic: How to Prevent an Outbreak,6.3,0,0,0,0,0
Zenimation,7.2,0,0,0,0,0
Trying,7.5,0,0,0,0,0
Council of Dads,6.3,0,0,0,0,0
Making the Cut,6.7,0,0,0,0,0
Floor is Lava,5.2,0,0,0,0,0
Queen Sono,5.9,0,0,0,0,0
Belgravia,7.5,0,0,0,0,0
Breeders,7.2,0,0,0,0,0
Indebted,4.4,0,0,0,0,0
Duncanville,5.8,0,0,0,0,0
Grand Army,7.2,0,0,0,0,0
Japan Sinks: 2020,6.5,0,0,0,0,0
Grænseland,9.0,0,0,0,0,0
Muppets Now,6.1,0,0,0,0,0
Biohackers,6.8,0,0,0,0,0
Lego Masters,7.3,0,0,2,0,0
Romulus,6.7,0,0,0,0,0
Ghost in the Shell SAC_2045,6.2,0,0,0,0,0
Alex Rider,7.5,0,0,0,0,0
Tehran,7.3,0,0,0,0,0
Young Wallander,6.8,0,0,0,0,0
The Gone Game,8.5,0,0,0,0,0
Close Enough,8.0,0,0,0,0,0
The Eddy,7.2,0,0,0,0,0
Betaal,5.3,0,0,0,0,0
The Valhalla Murders,7.1,0,0,0,0,0
Hightown,6.3,0,0,0,0,0
Lincoln Rhyme: Hunt for the Bone Collector,6.8,0,0,0,0,0
In/Spectre,6.7,0,0,0,0,0
Brews Brothers,4.9,0,0,0,0,0
Crossing Swords,6.6,0,0,0,0,0
For Life,7.6,0,0,0,0,0
Jurassic World: Camp Cretaceous,7.4,0,0,0,0,0
Everything's Gonna Be Okay,7.2,0,0,0,0,0
Next in Fashion,7.3,0,0,0,0,0
The Owl House,7.8,0,0,0,0,0
The Baker and the Beauty,7.3,0,0,0,0,0
Spooky's,9.7,0,0,0,0,0
Katy Keene,6.1,0,0,0,0,0
Barkskins,7.3,0,0,0,0,0
Woke,6.2,0,0,0,0,0
Briarpatch,6.5,0,0,0,0,0
Hunters,7.2,0,0,0,0,0
Central Park,6.6,0,0,1,0,0
Beastars,7.9,0,0,0,0,0
Awkwafina Is Nora from Queens,6.9,0,0,0,0,0
Ragnarok,7.5,0,0,0,0,0
Anupamaa,6.8,0,0,0,0,0
Barbarians,7.4,0,0,0,0,0
Gentefied,7.4,0,0,0,0,0
Little America,7.3,0,0,0,0,0
68 Whiskey,5.4,0,0,0,0,0
Transformers: War for Cybertron Trilogy,7.5,0,0,0,0,0
Middleditch & Schwartz,8.7,0,0,0,0,0
Home Before Dark,7.5,0,0,0,0,0
Love Life,7.5,0,0,0,0,0
The Goop Lab,2.3,0,0,0,0,0
The Head,6.8,0,0,0,0,0
Maxxx,8.8,0,0,0,0,0
Run,6.2,0,0,0,0,0
Dispatches from Elsewhere,6.6,0,0,0,0,0
Marzi,8.6,0,0,0,0,0
P-Valley,6.7,0,0,0,0,0
Diary of a Future President,5.6,0,0,0,0,0
Feel Good,7.5,0,0,0,0,0
Deputy,6.2,0,0,0,0,0
Cheer,8.2,0,0,3,4,1
Mythic Quest: Raven's Banquet,7.6,0,0,0,0,0
Brave New World,7.1,0,0,2,0,0
Medical Police,5.9,0,0,0,0,0
Solar Opposites,8.0,0,0,0,0,0
9-1-1: Lone Star,6.5,0,0,0,0,0
The Walking Dead: World Beyond,4.2,0,0,0,0,0
Lenox Hill,8.7,0,0,0,0,0
Penny Dreadful: City of Angels,6.0,0,0,0,0,0
The Letter for the King,5.9,0,0,0,0,0
Ramo,5.8,0,0,0,0,0
Blood of Zeus,7.8,0,0,0,0,0
The New Pope,8.2,0,0,0,0,0
Helstrom,6.6,0,0,0,0,0
Kark Rogue,8.9,0,0,0,0,0
Utopia Falls,5.1,0,0,0,0,0
I May Destroy You,8.1,0,0,0,0,0
Perry Mason,7.6,0,0,5,3,1
Into the Night,7.1,0,0,1,0,0
Vagrant Queen,4.8,0,0,0,0,0
Avenue 5,6.5,0,0,0,0,0
The Stranger,7.3,0,0,0,0,0
Zoey's Extraordinary Playlist,8.2,0,0,0,1,1
Julie and the Phantoms,8.4,0,0,0,0,0
The Great,8.1,0,0,2,0,0
Tales from the Loop,7.5,0,0,2,0,0
Love Victor,8.1,0,0,0,0,0
Emily in Paris,7.2,0,0,0,0,0
Normal People,8.5,0,0,4,0,0
Ted Lasso,8.7,0,0,0,0,0
Star Trek: Lower Decks,6.4,0,0,0,0,0
Spinning Out,7.7,0,0,0,0,0
Motherland: Fort Salem,7.1,0,0,0,0,0
AJ and the Queen,7.5,0,0,0,0,0
The Midnight Gospel,8.3,0,0,0,0,0
Stargirl,7.3,0,0,0,0,0
Ratched,7.4,0,0,0,0,0
Away,6.6,0,0,0,0,0
October Faction,6.1,0,0,0,0,0
Sanditon,7.8,0,0,0,0,0
The Gloaming,6.6,0,0,0,0,0
Outer Banks,7.6,0,0,0,0,0
Dinner Mate,7.5,0,0,0,0,0
Teenage Bounty Hunters,7.7,0,0,0,0,0
Raised by Wolves,8.1,0,0,0,0,0
Warrior Nun,6.9,0,0,0,0,0
Never Have I Ever,7.9,0,0,0,0,0
I Am Not Okay with This,7.6,0,0,0,0,0
Hollywood,7.6,0,0,11,2,1
Lovecraft Country,7.2,0,0,0,0,0
The Outsider,7.8,0,0,1,0,0
Upload,8.0,0,0,0,0,0
Locke & Key,7.4,0,0,0,0,0
Messiah,7.6,0,0,0,0,0
Space Force,6.8,0,0,4,0,0
Star Trek: Picard,7.6,0,0,5,1,1
Heaven Official's Blessing,9.0,0,0,0,0,0
Disney Fam Jam,5.4,0,0,0,0,0
A&E After Dark,8.8,0,0,0,0,0
De Brutas Nada,6.5,0,0,0,0,0
Hi Bye Mama!,8.0,0,0,0,0,0
Heavenly Conquerors,5.8,0,0,0,0,0
Mapleworth Murders,5.5,0,0,0,0,0
Mellékhatás,8.1,0,0,0,0,0
Cornwall: This Fishing Life,8.0,0,0,0,0,0
Rasbhari,2.6,0,0,0,0,0
Kaali,9.0,0,0,0,0,0
Tale of the Nine Tailed,8.6,0,0,0,0,0
Gel Dese Ask,4.0,0,0,0,0,0
I Told Sunset About You,9.8,0,0,0,0,0
Deathstroke: Knights & Dragons,6.6,0,0,0,0,0
El día menos pensado,7.4,0,0,0,0,0
The Windsor's: Inside the Royal Dynasty,8.2,0,0,0,0,0
#BlackAF,6.8,0,0,0,0,0
La Flamme,6.7,0,0,0,0,0
Cicada of Autumn,6.7,0,0,0,0,0
Darwin's Game,7.3,0,0,0,0,0
Gibiate,6.8,0,0,0,0,0
Posledniy Ministr,6.8,0,0,0,0,0
Royalties,6.3,0,0,0,0,0
Nurses,5.6,0,0,0,0,0
Tricked Out Tractors,5.2,0,0,0,0,0
Sing On! Spain,6.8,0,0,0,0,0
Sleepless Society: Insomnia,7.5,0,0,0,0,0
Caminantes,6.0,0,0,0,0,0
Zhi Wo Men Tian Tian De Xiao Mei Hao,7.8,0,0,0,0,0
Celebrity Task Force,8.3,0,0,0,0,0
Magia Record: Puella Magi Madoka Magica Side Story,6.4,0,0,0,0,0
Labor of Love,3.3,0,0,0,0,0
Un Bon Moment,9.2,0,0,0,0,0
The American Runestone,7.9,0,0,0,0,0
Haute Dog,6.2,0,0,0,0,0
The American Barbecue Showdown,6.9,0,0,0,0,0
Accused: Guilty or Innocent?,8.3,0,0,0,0,0
Madventures Suomi,5.9,0,0,0,0,0
Nekopara,6.2,0,0,0,0,0
Murder Comes Home,6.7,0,0,0,0,0
Murder House Flip,6.3,0,0,0,0,0
Hero Elementary,7.5,0,0,0,0,0
QuaranTeam!,8.0,0,0,0,0,0
Impractical Jokers: Dinner Party,8.3,0,0,0,0,0
Koi to Producer: Evol x Love,6.8,0,0,0,0,0
Tales of the Lockdown,5.3,0,0,0,0,0
Frankie Boyle's Tour of Scotland,7.7,0,0,0,0,0
Koi Wa Tsuzuku Yo Dokomademo,7.6,0,0,0,0,0
Bonyo Premer Golpo,6.6,0,0,0,0,0
Jamtara: Sabka Number Ayega,7.3,0,0,0,0,0
Cryptid,5.9,0,0,0,0,0
Class of 2020,9.0,0,0,0,0,0
The Tuckers,6.7,0,0,0,0,0
I tourta tis mamas,8.2,0,0,0,0,0
Egypt from Above,7.6,0,0,0,0,0
Stolen Away,7.1,0,0,0,0,0
Beartown,7.8,0,0,0,0,0
Love 101,7.6,0,0,0,0,0
Flesh and Blood,7.0,0,0,0,0,0
Yowis Ben: The Series,7.9,0,0,0,0,0
Backstreet Rookie,7.4,0,0,0,0,0
Be Together,8.2,0,0,0,0,0
Growing Belushi,5.9,0,0,0,0,0
Nickelodeon's Unfiltered,4.7,0,0,0,0,0
ByAnaMilán,8.0,0,0,0,0,0
Tournament of Laughs,2.4,0,0,0,0,0
Summer Lane Drive,9.0,0,0,0,0,0
Adult Material,7.6,0,0,0,0,0
Ainori Love Wagon: African Journey,7.3,0,0,0,0,0
Was It Love,7.2,0,0,0,0,0
Special OPS,8.6,0,0,0,0,0
Petter i fengsel,8.5,0,0,0,0,0
Absurd Planet,3.9,0,0,0,0,0
White Lines,6.6,0,0,0,0,0
Paatal Lok,7.8,0,0,0,0,0
Paras vuosi ikinä,7.7,0,0,0,0,0
Limboland,7.2,0,0,0,0,0
Good Morning Verônica,7.7,0,0,0,0,0
We Are Who We Are,6.6,0,0,0,0,0
JL50,7.6,0,0,0,0,0
Uzaki-chan Wants to Hang Out!,6.8,0,0,0,0,0
Sweet Magnolias,7.4,0,0,0,0,0
Junglen,5.5,0,0,0,0,0
Tough As Nails,6.6,0,0,0,0,0
Shepherd's Delight,8.9,0,0,0,0,0
Talentless Nana,8.0,0,0,0,0,0
Tamar Braxton: Get Ya Life!,4.5,0,0,0,0,0
Murder Trial: The Disappearance of Margaret Fleming,7.3,0,0,0,0,0
Big Zuu's Big Eats,7.0,0,0,0,0,0
Toimettomat,6.3,0,0,0,0,0
Home Game,7.1,0,0,0,0,0
Martha Knows Best,6.0,0,0,0,0,0
Adachi and Shimamura,7.8,0,0,0,0,0
Riding the D with Dr. Seeds: The Webseries,8.5,0,0,0,0,0
The Game: Towards Zero,7.5,0,0,0,0,0
Haireta mou ton platano,8.6,0,0,0,0,0
Juice Boyz,8.5,0,0,0,0,0
Beat the Chasers,8.0,0,0,0,0,0
Secrets of the Museum,8.2,0,0,0,0,0
Die Läusemutter,7.3,0,0,0,0,0
Firsts,8.2,0,0,0,0,0
Masaba Masaba,6.7,0,0,0,0,0
De la vida al plato,5.5,0,0,0,0,0
Unlock- The Haunted App,3.8,0,0,0,0,0
Gün On4,7.2,0,0,0,0,0
Wolf's Heart,6.6,0,0,0,0,0
El Presidente,7.2,0,0,0,0,0
Bungou to Alchemist: Shinpan no Haguruma,6.2,0,0,0,0,0
The Epic Tales of Captain Underpants in Space,6.8,0,0,0,0,0
Celebrity Watch Party,5.8,0,0,0,0,0
Plunderer,6.2,0,0,0,0,0
Chase Street,8.7,0,0,0,0,0
Candle in the Tomb: The Lost Caverns,7.2,0,0,0,0,0
Families of the Mafia,4.9,0,0,0,0,0
La isla de las tentaciones,4.7,0,0,0,0,0
Doubling Down with the Derricos,5.6,0,0,0,0,0
The Killing of Three Thousand Crows,7.1,0,0,0,0,0
Disney Insider,6.8,0,0,0,0,0
The Big Show Show,6.4,0,0,0,0,0
16 and Recovering,7.1,0,0,0,0,0
Gamgoum & Bimbim: The German Company for Paranormal Control,6.6,0,0,0,0,0
Country Ever After,7.2,0,0,0,0,0
Diarios de la cuarentena,4.4,0,0,0,0,0
Japan: Between Earth and Sky,7.7,0,0,0,0,0
Épidémie,7.5,0,0,0,0,0
Game On!,6.6,0,0,0,0,0
Operación Pacífico,8.1,0,0,0,0,0
1pm Daily Update,9.6,0,0,0,0,0
Arcanjo Renegado,7.9,0,0,0,0,0
Kamen Rider Saber,6.7,0,0,0,0,0
La línea invisible,7.5,0,0,0,0,0
Dunkelstadt,5.8,0,0,0,0,0
The Casino,3.8,0,0,0,0,0
Stateless,7.5,0,0,0,0,0
A Perfect Crime,7.3,0,0,0,0,0
Secrets in the Ice,8.1,0,0,0,0,0
I huvudet på en gärningsman,7.1,0,0,0,0,0
Tri kapitana,2.9,0,0,0,0,0
Street Outlaws: Fastest in America,3.5,0,0,0,0,0
Extracurricular,7.7,0,0,0,0,0
Hitmen,4.9,0,0,0,0,0
Blood & Water,6.2,0,0,0,0,0
Warbird Workshop,7.2,0,0,0,0,0
ID:Invaded,7.6,0,0,0,0,0
The Machinery,6.1,0,0,0,0,0
Endlings,4.1,0,0,0,0,0
Love and Redemption,9.0,0,0,0,0,0
The Lost Tomb Reboot,7.5,0,0,0,0,0
It's Okay to Not Be Okay,8.9,0,0,0,0,0
Royal History's Biggest Fibs with Lucy Worsley,7.5,0,0,0,0,0
Segítség! Itthon vagyok!,5.1,0,0,0,0,0
Arctic Circle,7.0,0,0,0,0,0
La Unidad,7.3,0,0,0,0,0
Exatlon Turkey (2020),4.8,0,0,0,0,0
Pariwar,7.0,0,0,0,0,0
Juzni vetar,5.2,0,0,0,0,0
Australian Lockdown Comedy Festival,6.4,0,0,0,0,0
Oh My Baby,7.8,0,0,0,0,0
Gameboys,8.8,0,0,0,0,0
Balkanska medja,7.9,0,0,0,0,0
Como tú no hay dos,7.4,0,0,0,0,0
Centerpiece,5.8,0,0,0,0,0
Listeners,5.7,0,0,0,0,0
Dar Mar,5.1,0,0,0,0,0
World's Most Wanted,7.1,0,0,0,0,0
Top Secret Videos,2.3,0,0,0,0,0
The Bedfellow,7.3,0,0,0,0,0
Twenty Your Life On,5.4,0,0,0,0,0
Arte,7.2,0,0,0,0,0
Blockbuster: The Story of James Cameron,8.7,0,0,0,0,0
Chrissy's Court,4.1,0,0,0,0,0
Secrets of the Solar System,7.8,0,0,0,0,0
Science Fell in Love So I Tried to Prove It,6.8,0,0,0,0,0
An American Aristocrat's Guide to Great Estates,8.0,0,0,0,0,0
Life Below Zero: Next Generation,6.1,0,0,0,0,0
Ray Winstone in Sicily,6.1,0,0,0,0,0
Izzy's Koala World,8.6,0,0,0,0,0
Flames of Fate,9.0,0,0,0,0,0
Until Dawn,3.4,0,0,0,0,0
Dead Pixels,7.3,0,0,0,0,0
Virgin Bhasskar 2,8.3,0,0,0,0,0
A3! Season Spring & Summer,6.3,0,0,0,0,0
Acting for a Cause,7.9,0,0,0,0,0
All or Nothing: Tottenham Hotspur,8.2,0,0,0,0,0
Invisible River,9.1,0,0,0,0,0
Hotel Swan Helsinki,5.3,0,0,0,0,0
The Sleuth of the Ming Dynasty,8.1,0,0,0,0,0
Agentstvo O.K.O.,7.3,0,0,0,0,0
Lonely Enough to Love,7.7,0,0,0,0,0
Agent Hamilton,6.8,0,0,0,0,0
Cold Courage,5.5,0,0,0,0,0
The Bachelor Presents: Listen to Your Heart,4.9,0,0,0,0,0
Break Up Story,5.8,0,0,0,0,0
Tansener Tanpura,6.9,0,0,0,0,0
A Future WWE: The FCW Story,7.0,0,0,0,0,0
Tell Me More with Kelly Corrigan,8.0,0,0,0,0,0
Pan y Circo,6.7,0,0,0,0,0
Magic of Disney's Animal Kingdom,8.1,0,0,0,0,0
Marielle: O Documentário,6.4,0,0,0,0,0
Super HxEros,6.2,0,0,0,0,0
James May: Our Man in Japan,8.4,0,0,0,0,0
Pooch Perfect,2.9,0,0,0,0,0
Quiz,7.4,0,0,0,0,0
Al Futua,7.3,0,0,0,0,0
Sunshine Investigations,5.2,0,0,0,0,0
Reality Z,5.4,0,0,0,0,0
SAS Australia,7.5,0,0,0,0,0
Lost Speedways,7.3,0,0,0,0,0
Asteroid in Love,7.1,0,0,0,0,0
Jim Gaffigan: The Pale Tourist,6.6,0,0,0,0,0
At Home Alone Together,8.4,0,0,0,0,0
Apatigris,7.9,0,0,0,0,0
Åreakuten,6.3,0,0,0,0,0
Casting The Net,9.4,0,0,0,0,0
Celebrity IOU,7.4,0,0,0,0,0
Beforeigners,7.9,0,0,0,0,0
The Fantastical Factory of Curious Craft,4.8,0,0,0,0,0
New Day New Chef,8.0,0,0,0,0,0
Riot Police,8.4,0,0,0,0,0
Alma's Not Normal,8.1,0,0,0,0,0
Aldri voksen,7.5,0,0,0,0,0
Ju-on: Origins,6.2,0,0,0,0,0
In the SOOP BTS Ver.,8.7,0,0,0,0,0
Estonia - funnet som endrer alt,9.3,0,0,0,0,0
Ghost Adventures: Screaming Room,6.9,0,0,0,0,0
Unorthodox,8.0,0,0,7,1,1
Bulge Bracket,6.9,0,0,0,0,0
Dertigers (NL),7.5,0,0,0,0,0
Some Good News,9.1,0,0,0,0,0
My Perfect Landing,6.9,0,0,0,0,0
Best Friend's Fear,9.2,0,0,0,0,0
Ares,5.6,0,0,0,0,0
Dark Desire,6.4,0,0,0,0,0
Asur: Welcome to Your Dark Side,8.4,0,0,0,0,0
Devils,7.0,0,0,0,0,0
Dorohedoro,8.1,0,0,0,0,0
ZeroZeroZero,8.2,0,0,0,0,0
Wireless,7.3,0,0,0,0,0
Bloodride,6.4,0,0,0,0,0
You Knock on My Door,7.7,0,0,0,0,0
Curon,5.8,0,0,0,0,0
The Cabin with Bert Kreischer,7.3,0,0,0,0,0
B Positive,4.6,0,0,0,0,0
Van der Valk,6.5,0,0,0,0,0
Killer Bods,4.1,0,0,0,0,0
McDonald & Dodds,7.1,0,0,0,0,0
Amrutham Dhvitheeyam,8.3,0,0,0,0,0
Cold Hawaii,6.2,0,0,0,0,0
The Great House Giveaway,5.3,0,0,0,0,0
Pabitra Puppies,5.7,0,0,0,0,0
Sånn er Norge,8.2,0,0,0,0,0
La Révolution,6.5,0,0,0,0,0
Woodpecker Detective's Office,7.3,0,0,0,0,0
The Funny Dance Show,4.9,0,0,0,0,0
The Playbook,7.5,0,0,0,0,0
Gary Busey: Pet Judge,7.2,0,0,0,0,0
Oda Cinnamon Nobunaga,6.2,0,0,0,0,0
Bad Boy Billionaires: India,8.0,0,0,0,0,0
When My Love Blooms,8.0,0,0,0,0,0
Out of Her Mind,6.1,0,0,0,0,0
A Murderous Affair in Horizon Tower,7.6,0,0,0,0,0
Hey Lady!,7.6,0,0,0,0,0
Moochin,5.8,0,0,0,0,0
Por H o por B,6.0,0,0,0,0,0
The Masked Singer UK,5.4,0,0,0,0,0
The Big Fib,5.1,0,0,0,0,0
The World of the Married,8.1,0,0,0,0,0
The Iliza Shlesinger Sketch Show,4.8,0,0,0,0,0
Million Dollar Beach House,4.1,0,0,0,0,0
Patria,8.1,0,0,0,0,0
Chiki,7.1,0,0,0,0,0
Caliphate,8.2,0,0,0,0,0
Mister Winner,6.7,0,0,0,0,0
Car Kings,7.4,0,0,0,0,0
Scam 1992: The Harshad Mehta Story,9.6,0,0,0,0,0
Thieves of the Wood,6.7,0,0,0,0,0
Roots Less Traveled,7.3,0,0,0,0,0
Princess Bride,7.6,0,0,0,0,0
Darcey & Stacey,3.3,0,0,0,0,0
Love Is Blind,6.0,0,0,3,0,0
Separadas,4.8,0,0,0,0,0
Higurashi: When They Cry - New,7.3,0,0,0,0,0
Time Enna Boss,5.4,0,0,0,0,0
My Feet Are Killing Me,6.9,0,0,0,0,0
Velmi krehké vetve,8.2,0,0,0,0,0
President It's Time for Battle!,5.8,0,0,0,0,0
All or Nothing: Brazil National Team,7.3,0,0,0,0,0
Måste gitt - Serien,8.5,0,0,0,0,0
Special Skills,5.6,0,0,0,0,0
Bigtop Burger,9.1,0,0,0,0,0
Die Hart,6.3,0,0,0,0,0
Mrs. and Mr. Kohli,7.1,0,0,0,0,0
Operation MBBS,8.3,0,0,0,0,0
The Drew Barrymore Show,7.4,0,0,0,0,0
Unprecedented: Real Time Theatre from a State of Isolation,6.9,0,0,0,0,0
Centrum,6.2,0,0,0,0,0
Life Cinematic,7.5,0,0,0,0,0
What's Eating America,7.8,0,0,0,0,0
Mir! Druzhba! Zhvachka!,7.1,0,0,0,0,0
Code 404,6.1,0,0,0,0,0
Grow Your Own at Home with Alan Titchmarsh,8.8,0,0,0,0,0
Vivi e lascia vivere,7.4,0,0,0,0,0
Song Exploder,7.3,0,0,0,0,0
Into the Unknown: Making Frozen 2,8.5,0,0,0,0,0
Velvet Prozak,7.3,0,0,0,0,0
Oprah Talks COVID-19,2.8,0,0,0,0,0
Niall Ferguson's Networld,6.8,0,0,0,0,0
Mano Meile Karantinas,7.8,0,0,0,0,0
The Secret of Skinwalker Ranch,5.9,0,0,0,0,0
The Trouble with Maggie Cole,6.2,0,0,0,0,0
The Rise of the Murdoch Dynasty,7.8,0,0,0,0,0
The Ghost Bride,5.8,0,0,0,0,0
Road to Now,7.4,0,0,0,0,0
Number 24,7.1,0,0,0,0,0
Norsk-ish,8.3,0,0,0,0,0
What're You At? with Tom Power,3.2,0,0,0,0,0
Nothing But Thirty,7.2,0,0,0,0,0
Jujutsu Kaisen,8.6,0,0,0,0,0
The Deceived,5.6,0,0,0,0,0
Suurmestari,5.8,0,0,0,0,0
Sweet First Love,9.2,0,0,0,0,0
A Destructive God Sits Next to Me,5.6,0,0,0,0,0
Chef's Table: BBQ,7.8,0,0,0,0,0
Shoplifters: At War with the Law,8.8,0,0,0,0,0
Sky News Across Australia,5.3,0,0,0,0,0
Gangs of London,8.1,0,0,0,0,0
Lapis Re: LiGHTs,5.5,0,0,0,0,0
High Vibe,6.9,0,0,0,0,0
Torn from the Headlines: The New York Post Reports,6.9,0,0,0,0,0
Saygi,9.4,0,0,0,0,0
Dorg Van Dango,7.5,0,0,0,0,0
Two Weeks to Live,6.6,0,0,0,0,0
Jan Thomas søker drømmeprinsen,7.0,0,0,0,0,0
Up4Noise,4.2,0,0,0,0,0
Mary Beard's Shock of the Nude,6.7,0,0,0,0,0
Dummy,6.6,0,0,2,0,0
Valeria,6.1,0,0,0,0,0
Money Game,8.1,0,0,0,0,0
Followers,6.2,0,0,0,0,0
Tutunamayanlar,7.7,0,0,0,0,0
How to Survive Being Single,7.8,0,0,0,0,0
Kod genetyczny,6.1,0,0,0,0,0
Kavita Bhabhi,7.2,0,0,0,0,0
Your Honor,7.4,0,0,0,0,0
Itaewon Class,8.2,0,0,0,0,0
Red Arrows take America,6.8,0,0,0,0,0
Tower of God,8.0,0,0,0,0,0
Bandish Bandits,8.6,0,0,0,0,0
Aashram,7.4,0,0,0,0,0
WaPo Berlin,4.9,0,0,0,0,0
The King: Eternal Monarch,8.3,0,0,0,0,0
Dirty Diana,7.9,0,0,0,0,0
Mia's Magic Playground,8.2,0,0,0,0,0
Hot & Heavy,6.2,0,0,0,0,0
Louis Theroux: Life on the Edge,7.4,0,0,0,0,0
The World's Funniest Animals,3.6,0,0,0,0,0
Dead 2 Right,9.6,0,0,0,0,0
Te doy la vida,7.2,0,0,0,0,0
High Flyers,6.9,0,0,0,0,0
Uncommon Sense with Saloni,6.2,0,0,0,0,0
Power Book II: Ghost,6.1,0,0,0,0,0
Made in Karantén,1.3,0,0,0,0,0
Outback Lockdown,3.3,0,0,0,0,0
Yashahime: Princess Half-Demon,8.6,0,0,0,0,0
The God of High School,7.7,0,0,0,0,0
Hidden Canyons,7.7,0,0,0,0,0
Unfinished Love Circle,8.5,0,0,0,0,0
Hatena Illusion,6.5,0,0,0,0,0
Rent-a-Girlfriend,7.3,0,0,0,0,0
Record of Youth,7.5,0,0,0,0,0
Drag Race Holland,7.6,0,0,0,0,0
Peter Grill and the Philosopher's Time,5.1,0,0,0,0,0
Monster Girl Doctor,6.3,0,0,0,0,0
The Shape of Pasta,8.1,0,0,0,0,0
The FBI Declassified,6.8,0,0,0,0,0
Britain's Brightest Celebrity Family,5.6,0,0,0,0,0
Joe Exotic: Tigers Lies and Cover-Up,6.4,0,0,0,0,0
100 Days Wild,5.5,0,0,0,0,0
Almost Happy,6.7,0,0,0,0,0
Guessable,6.1,0,0,0,0,0
The Greatest At Home Videos,6.0,0,0,0,0,0
Çati Kati Ask,6.9,0,0,0,0,0
Haunting in the Heartland,8.0,0,0,0,0,0
Staged,8.7,0,0,0,0,0
The Singapore Grip,5.4,0,0,0,0,0
Yelawolf: A Slumerican Life,7.9,0,0,0,0,0
RuPaul's Secret Celebrity Drag Race,7.1,0,0,0,0,0
Néboa,6.8,0,0,0,0,0
Fraggle Rock: Rock On!,6.4,0,0,0,0,0
If the Fan Goes to Budoukan She'll Die,6.8,0,0,0,0,0
Futbolistas por el mundo,6.6,0,0,0,0,0
Riti Riwaj,4.7,0,0,0,0,0
Cleopatra in Space,8.2,0,0,0,0,0
Young Dylan,3.1,0,0,0,0,0
Aarya,8.4,0,0,0,0,0
Qing ping yue,7.7,0,0,0,0,0
Bhasudi,8.8,0,0,0,0,0
Sakura Wars: The Animation,6.9,0,0,0,0,0
Inside the Mind of a Serial Killer,5.7,0,0,0,0,0
Princess Connect! Re: Dive,6.3,0,0,0,0,0
Kate & Koji,6.4,0,0,0,0,0
Somewhere South,8.4,0,0,0,0,0
High Arctic Haulers,7.4,0,0,0,0,0
Oya Baka Seishun Hakusho,7.1,0,0,0,0,0
The Zone of Twilight,9.9,0,0,0,0,0
Mocvara,7.9,0,0,0,0,0
Meet the Richardsons,7.1,0,0,0,0,0
Crackdown,8.2,0,0,0,0,0
The Fortnight,8.4,0,0,0,0,0
Ancient China From Above,7.0,0,0,0,0,0
Cruise Ship Killers,6.4,0,0,0,0,0
The Case Files of Jeweler Richard,7.2,0,0,0,0,0
Great Asian Railway Journeys,7.7,0,0,0,0,0
Zastupniki,6.3,0,0,0,0,0
Khul Ja Sim Sim: Ullu Series,6.1,0,0,0,0,0
Gençligim Eyvah,6.7,0,0,0,0,0
Ludzie i Bogowie,7.2,0,0,0,0,0
Tarader Shesh Tarpon,9.6,0,0,0,0,0
Em Nome de Deus,9.1,0,0,0,0,0
The Big Flower Fight,7.5,0,0,0,0,0
Keihäsmatkat,5.7,0,0,0,0,0
SF8,9.0,0,0,0,0,0
Cocomelon,5.6,0,0,0,0,0
Bill Burr Presents: The Ringers,7.4,0,0,0,0,0
Bebaakee,8.8,0,0,0,0,0
Basement Company,6.7,0,0,0,0,0
Excuse Me Madam,7.9,0,0,0,0,0
The Unremarkable Juanquini,4.1,0,0,0,0,0
Etheria,6.8,0,0,0,0,0
Kal Penn Approves This Message,3.9,0,0,0,0,0
Nisman. The Prosecutor the President and the Spy,7.7,0,0,0,0,0
The Queen and the Conqueror,7.1,0,0,0,0,0
Menajerimi Ara,8.3,0,0,0,0,0
BNA,7.3,0,0,0,0,0
Ancient Detective,8.5,0,0,0,0,0
My Little Pony: Pony Life,5.9,0,0,0,0,0
Prospekt oborony,4.3,0,0,0,0,0
Sin (2020-),6.4,0,0,0,0,0
V imenu ljudstva,7.6,0,0,0,0,0
Meat the Family,2.3,0,0,0,0,0
Never Kiss Your Best Friend Lockdown Special,8.5,0,0,0,0,0
JJ Villard's Fairy Tales,5.2,0,0,0,0,0
Alone: The Beast,6.0,0,0,0,0,0
Goedam,5.7,0,0,0,0,0
Craftopia,5.7,0,0,0,0,0
Interspecies Reviewers,7.7,0,0,0,0,0
What the Love! with Karan Johar,3.0,0,0,0,0,0
The Last Dance,9.2,0,0,3,2,1
Making a Monster,7.5,0,0,0,0,0
The News with Shepard Smith,9.1,0,0,0,0,0
Fabella and the Forgotten Memories,7.4,0,0,0,0,0
Hot Market,7.2,0,0,0,0,0
A World Without NASA,7.4,0,0,0,0,0
The Oprah Conversation,2.2,0,0,0,0,0
The Test: A New Era for Australia's Team,9.0,0,0,0,0,0
Miss Scarlet and the Duke,7.4,0,0,0,0,0
The Secrets She Keeps,6.8,0,0,0,0,0
Archiwista,5.4,0,0,0,0,0
Love Ka Panga,7.1,0,0,0,0,0
Prop Culture,8.3,0,0,0,0,0
Po hlave,5.8,0,0,0,0,0
Metro Kathalu,5.9,0,0,0,0,0
Zombie Detective,8.7,0,0,0,0,0
Don't Look Deeper,5.8,0,0,0,0,0
Renovation Inc.,4.7,0,0,0,0,0
Tiny Creatures,4.8,0,0,0,0,0
Robbie,6.4,0,0,0,0,0
Helpsters Help You,7.0,0,0,0,0,0
Breathe: Into the Shadows,7.7,0,0,0,0,0
The Salisbury Poisonings,7.2,0,0,0,0,0
Escape from Virtual Island (Audible Original - Audio Comedy),8.2,0,0,0,0,0
Madagascar: A Little Wild,7.3,0,0,0,0,0
ThunderCats Roar,2.1,0,0,0,0,0
Jibaku Shounen Hanako-kun,7.5,0,0,0,0,0
Regular Old Bogan,7.0,0,0,0,0,0
DOC - Nelle tue mani,7.5,0,0,0,0,0
Future Folktales,7.3,0,0,0,0,0
Flipping 101,8.3,0,0,0,0,0
Wo xi huan ni,8.3,0,0,0,0,0
Skin Decision: Before and After,5.7,0,0,0,0,0
The Vivienne Takes on Hollywood,4.5,0,0,0,0,0
Road to Kingdom,7.8,0,0,0,0,0
The Raikar Case,8.3,0,0,0,0,0
Official Bhootiyagiri,5.9,0,0,0,0,0
Mao Gakuin no Futekigosha,7.7,0,0,0,0,0
The Repair Shop: Fixing Britain,8.6,0,0,0,0,0
The Adventures of Paddington,8.6,0,0,0,0,0
No Mercy No Malice with Professor Scott Galloway,5.4,0,0,0,0,0
H24,4.2,0,0,0,0,0
Persia's Got Talent,6.1,0,0,0,0,0
The Trump Show,8.4,0,0,0,0,0
Now That's Sketch,9.0,0,0,0,0,0
Bhanwar,3.1,0,0,0,0,0
Mystic Pop-up Bar,7.8,0,0,0,0,0
The Challenge: ETA,8.6,0,0,0,0,0
History 101,6.5,0,0,0,0,0
Shadowverse,6.6,0,0,0,0,0
#Freerayshawn,6.1,0,0,0,0,0
Murdered by Morning,6.0,0,0,0,0,0
Mira Royal Detective,7.2,0,0,0,0,0
Churails,8.6,0,0,0,0,0
When the Dust Settles,7.4,0,0,0,0,0
Greatness Code,4.3,0,0,0,0,0
Bad Ideas with Adam Devine,5.5,0,0,0,0,0
Avrodh the Siege Within,7.6,0,0,0,0,0
The Last Journey of the Vikings,7.8,0,0,0,0,0
Team Bulldog: Off-duty Investigation,7.6,0,0,0,0,0
Coyote Peterson: Brave the Wild,8.0,0,0,0,0,0
Op1,4.8,0,0,0,0,0
Filatov,5.6,0,0,0,0,0
Blutige Anfänger,6.0,0,0,0,0,0
Justin Bieber: Seasons,5.4,0,0,0,0,0
Southern Survival,6.6,0,0,0,0,0
Chico Bon Bon: Monkey with a Tool Belt,6.4,0,0,0,0,0
Dance of the Phoenix,8.3,0,0,0,0,0
Tamayomi: The Baseball Girls,6.4,0,0,0,0,0
This is Earth,7.5,0,0,0,0,0
Prime Rewind: Inside the Boys,4.9,0,0,0,0,0
Ken Burns Presents: The Gene,8.6,0,0,0,0,0
House in a Hurry,6.0,0,0,0,0,0
Otome Game No Hametsu Flag Shika Nai Akuyaku Reijou Ni Tensei Shiteshimatta...,7.5,0,0,0,0,0
Igra sudbine,4.4,0,0,0,0,0
Deadliest Catch: Bloodline,7.3,0,0,0,0,0
Bátrak földje,6.7,0,0,0,0,0
True Life: Crime,5.8,0,0,0,0,0
Tera Yaar Hoon Main,7.5,0,0,0,0,0
The Decameron 2020,7.8,0,0,0,0,0
Chaos in Court,5.6,0,0,0,0,0
1000-lb Sisters,5.2,0,0,0,0,0
Face to Face with David,8.3,0,0,0,0,0
When the Weather Is Fine,7.9,0,0,0,0,0
Zemheri,6.5,0,0,0,0,0
Saved by the Barn,9.5,0,0,0,0,0
Stranger Among Us,7.6,0,0,0,0,0
I Don't Want to Be Friends with You,7.9,0,0,0,0,0
MTV Nishedh,7.0,0,0,0,0,0
WWE Ruthless Aggression,7.4,0,0,0,0,0
Where's Wally,7.6,0,0,0,0,0
Survivor 2020,5.6,0,0,0,0,0
Glitch Techs,8.0,0,0,0,0,0
This Day in Useless Celebrity History,5.4,0,0,0,0,0
The Left Right Game,7.8,0,0,0,0,0
Om natten lyver jeg aldrig,4.0,0,0,0,0,0
Harry Hill's World of TV,7.0,0,0,0,0,0
My Holo Love,7.6,0,0,0,0,0
Heartland Docs DVM,8.7,0,0,0,0,0
Tiny World,9.4,0,0,0,0,0
Bookmarks,4.2,0,0,0,0,0
Say I Do,7.6,0,0,0,0,0
Vintage Voltage,7.3,0,0,0,0,0
MIU404,6.4,0,0,0,0,0
Up and Vanished,5.9,0,0,0,0,0
Campamento Albanta,6.0,0,0,0,0,0
Karkat Rogue,7.7,0,0,0,0,0
Rugal,6.4,0,0,0,0,0
The Millionaire Detective: Balance - Unlimited,7.6,0,0,0,0,0
We Play League,8.8,0,0,0,0,0
Scissor Seven,8.1,0,0,0,0,0
Danger Force,4.5,0,0,0,0,0
City So Real,6.3,0,0,0,0,0
InHouse-CON,9.4,0,0,0,0,0
Family Karma,5.5,0,0,0,0,0
Tribal,5.3,0,0,0,0,0
Sommaren-85,7.7,0,0,0,0,0
Ek Duje Ke Vaaste 2,8.5,0,0,0,0,0
Todxs Nós,3.9,0,0,0,0,0
Summer Rush,5.4,0,0,0,0,0
Isto É Gozar com Quem Trabalha,7.9,0,0,0,0,0
Gleipnir,6.9,0,0,0,0,0
Súbete a mi Moto,7.3,0,0,0,0,0
Shironeko Project: Zero Chronicle,6.6,0,0,0,0,0
Ookami-san wa Taberaretai,5.3,0,0,0,0,0
Magical Girl Friendship Squad: Origins,5.1,0,0,0,0,0
The Daily Life of the Immortal King,8.7,0,0,0,0,0
Dinosaurs Story,7.8,0,0,0,0,0
Manayek,8.7,0,0,0,0,0
Deca-Dence,7.4,0,0,0,0,0
The Bidding Room,5.3,0,0,0,0,0
Warten auf'n Bus,7.8,0,0,0,0,0
Michael Palin: Travels of a Lifetime,8.1,0,0,0,0,0
Ek Thi Begum,7.4,0,0,0,0,0
Mugilan,7.1,0,0,0,0,0
Shobdo Jobdo,7.1,0,0,0,0,0
Channel Hopping with Jon Richardson,5.7,0,0,0,0,0
Losing Alice,7.7,0,0,0,0,0
Never Kiss Your Best Friend,8.1,0,0,0,0,0
My Unfamiliar Family,8.1,0,0,0,0,0
The Idhun Chronicles,5.1,0,0,0,0,0
Dodgeball Thunderdome,6.8,0,0,0,0,0
The Fungies,7.0,0,0,0,0,0
Industry,6.0,0,0,0,0,0
Show by Rock!! Mashumairesh!!,8.5,0,0,0,0,0
Kotha Poradu,7.4,0,0,0,0,0
Shaun the Sheep: Adventures from Mossy Bottom,8.0,0,0,0,0,0
Attaway General,1.0,0,0,0,0,0
Grasa,6.7,0,0,0,0,0
Caronte,6.9,0,0,0,0,0
Ekattor,8.0,0,0,0,0,0
Killer Inside: The Mind of Aaron Hernandez,7.4,0,0,0,0,0
Wine Passport,8.2,0,0,0,0,0
Find Me in Your Memory,7.5,0,0,0,0,0
We Got This,7.2,0,0,0,0,0
Good Casting,7.7,0,0,0,0,0
We Were Tomorrow,6.7,0,0,0,0,0
Help! I Wrecked My House,6.6,0,0,0,0,0
Missing: The Other Side,7.4,0,0,0,0,0
"Sing ""Yesterday"" for Me",7.1,0,0,0,0,0
Unsung Cinderella: Byoin Yakuzaishi no Shohosen,7.2,0,0,0,0,0
Political Deception,9.1,0,0,0,0,0
Valley of Tears,9.5,0,0,0,0,0
Kafa Doktoru,6.2,0,0,0,0,0
Nikita Unfiltered,2.9,0,0,0,0,0
Chasing the Sun,9.8,0,0,0,0,0
90 Day Fiancé: Self-Quarantined,5.6,0,0,0,0,0
Prom Knight,9.1,0,0,0,0,0
Blackballed,7.2,0,0,0,0,0
Devil Among Us,6.4,0,0,0,0,0
The Shipman Files,7.1,0,0,0,0,0
Murenase! Seton Gakuen,7.1,0,0,0,0,0
Dino Hunters,6.6,0,0,0,0,0
Io ti cercherò,6.4,0,0,0,0,0
DeMarcus Family Rules,6.2,0,0,0,0,0
I Am A Killer: Released,5.2,0,0,0,0,0
Isolation the Series,9.4,0,0,0,0,0
Soulsathi,7.1,0,0,0,0,0
The Mole - Wem kannst du trauen?,8.8,0,0,0,0,0
Wave Listen to Me!,7.0,0,0,0,0,0
Too Hot to Handle,4.5,0,0,0,0,0
Des,7.8,0,0,0,0,0
Born Again,7.6,0,0,0,0,0
Canada's Drag Race,7.5,0,0,0,0,0
The Romance of Tiger and Rose,7.8,0,0,0,0,0
Bravo's Chat Room,3.1,0,0,0,0,0
Tyler Perry's Assisted Living,4.5,0,0,0,0,0
The Comedy Store,8.4,0,0,0,0,0
Memorist,7.6,0,0,0,0,0
Verta hikeä ja T-paitoja,8.5,0,0,0,0,0
The Bachelor: The Greatest Seasons - Ever!,7.0,0,0,0,0,0
Shakespeare Republic: #AllTheWebsAStage (The Lockdown Chronicles),9.4,0,0,0,0,0
Elinor Wonders Why,8.6,0,0,0,0,0
It's Pony,6.0,0,0,0,0,0
Steph's Packed Lunch,2.3,0,0,0,0,0
Crimes Gone Viral,6.1,0,0,0,0,0
Uyanis: Büyük Selcuklu,7.8,0,0,0,0,0
Love Advanced Customization,7.3,0,0,0,0,0
The Gifted: Graduation,9.6,0,0,0,0,0
De utvalda,4.2,0,0,0,0,0
Aile Sirketi,7.3,0,0,0,0,0
Tövbeler Olsun,7.0,0,0,0,0,0
The Expanding Universe of Ashley Garcia,6.7,0,0,0,0,0
Broke,4.6,0,0,0,0,0
Promis unter Palmen,8.0,0,0,0,0,0
Kakushigoto,7.4,0,0,0,0,0
The Genetic Detective,7.2,0,0,0,0,0
The Alaska Triangle,6.1,0,0,0,0,0
Kyojinzoku no Hanayome,6.0,0,0,0,0,0
Soul Mechanic,7.2,0,0,0,0,0
Mystery Lab,7.6,0,0,0,0,0
Rådebank,7.5,0,0,0,0,0
Apna Time Bhi Aayega,8.2,0,0,0,0,0
Auto Posto,8.7,0,0,0,0,0
The Osbournes Want to Believe,6.7,0,0,0,0,0
Kissing Game,6.3,0,0,0,0,0
The Good Detective,7.6,0,0,0,0,0
Somali and the Forest Spirit,7.5,0,0,0,0,0
Appare-Ranman!,7.3,0,0,0,0,0
Assault Lily: Bouquet,7.0,0,0,0,0,0
Can You Hear Me,7.2,0,0,0,0,0
Den sista sommaren,6.9,0,0,0,0,0
Barrie Barista en het einde der tijden,7.5,0,0,0,0,0
Tell Me What You Saw,7.6,0,0,0,0,0
Damayanti,6.2,0,0,0,0,0
Putin: A Russian Spy Story,7.1,0,0,0,0,0
Fortunate Son,5.0,0,0,0,0,0
Itch,8.6,0,0,0,0,0
Fra bølle til bestevenn,8.8,0,0,0,0,0
Emily's Wonder Lab,9.1,0,0,0,0,0
#Luimelia,8.2,0,0,0,0,0
Yu-Gi-Oh! Sevens,5.2,0,0,0,0,0
Code M,7.9,0,0,0,0,0
Gaya Sa Pelikula,8.3,0,0,0,0,0
Expedition X,5.7,0,0,0,0,0
Surviving Jeffrey Epstein,6.7,0,0,0,0,0
Infinite Dendrogram,5.8,0,0,0,0,0
Why R U?,7.7,0,0,0,0,0
Make It with You,8.5,0,0,0,0,0
The Victims' Game,7.4,0,0,0,0,0
Shao nv da ren,8.4,0,0,0,0,0
Mighty Express,4.2,0,0,0,0,0
Forensic Files II,7.7,0,0,0,0,0
Spirit Riding Free: Riding Academy,7.7,0,0,0,0,0
The Dresden Files: Peace Talks,8.3,0,0,0,0,0
Gorillaz present Song Machine,8.0,0,0,0,0,0
Eizouken ni wa Te wo Dasu na!,8.2,0,0,0,0,0
Phone-a-Friend,8.6,0,0,0,0,0
365: Repeat the Year,8.0,0,0,0,0,0
Five Guys a Week,6.3,0,0,0,0,0
Illegal - Justice Out of Order,7.8,0,0,0,0,0
Don't Worry About the Kids,4.6,0,0,0,0,0
Disturb and Protect,8.8,0,0,0,0,0
Cagaster of an Insect Cage,6.1,0,0,0,0,0
Seref Sözü,9.1,0,0,0,0,0
Sløborn,6.9,0,0,0,0,0
True: Terrific Tales,4.5,0,0,0,0,0
Spides,5.6,0,0,0,0,0
100 días para enamorarnos,7.2,0,0,0,0,0
Saath Nibhaana Saathiya 2,4.7,0,0,0,0,0
Kakarat,6.5,0,0,0,0,0
Kafalarina Göre,4.1,0,0,0,0,0
One Lane Bridge,5.8,0,0,0,0,0
Luna Nera,5.5,0,0,0,0,0
The School Nurse Files,6.2,0,0,0,0,0
Al Daheeh's Museum,9.3,0,0,0,0,0
Prehistoric Road Trip,7.2,0,0,0,0,0
Doomsday Caught on Camera,7.1,0,0,0,0,0
To Catch the Kaidash,9.0,0,0,0,0,0
Liebe. Jetzt!,7.9,0,0,0,0,0
Panchayat,8.8,0,0,0,0,0
Egyszer volt Budán Bödör Gáspár,1.5,0,0,0,0,0
I Hate Suzie,6.7,0,0,0,0,0
The Bradshaw Bunch,5.9,0,0,0,0,0
Lies of Lies,7.8,0,0,0,0,0
Baghdad Central,7.2,0,0,0,0,0
The South Westerlies,5.6,0,0,0,0,0
100 Humans: Life's Questions. Answered.,5.7,0,0,0,0,0
Omniscient,6.3,0,0,0,0,0
Seriemorderen i Orkdal - Historien om Arnfinn Nesset,6.5,0,0,0,0,0
My Big Italian Adventure,6.7,0,0,0,0,0
Swamp People: Serpent Invasion,7.2,0,0,0,0,0
Girls from Ipanema,7.9,0,0,0,0,0
The Circle: Brazil,7.0,0,0,0,0,0
The Art Mysteries,7.4,0,0,0,0,0
The Forest of Love: Deep Cut,6.8,0,0,0,0,0
The Secret Life of Lele Pons,4.6,0,0,0,0,0
My Paranormal Nightmare,6.4,0,0,0,0,0
Bakeaway Camp with Martha Stewart,4.8,0,0,0,0,0
Het A-woord,7.2,0,0,0,0,0
Kimsesizler,8.0,0,0,0,0,0
Game On! A Comedy Crossover Event,6.8,0,0,0,0,0
Allerud VGS,4.4,0,0,0,0,0
Aus dem Tagebuch eines Uber Fahrers,7.0,0,0,0,0,0
Almost Paradise,6.8,0,0,0,0,0
Wild and Free in Florianópolis,3.4,0,0,0,0,0
Zai Jie Nan Tao,4.9,0,0,0,0,0
Attacked - The Copenhagen Shootings,7.2,0,0,0,0,0
Get Even,6.2,0,0,0,0,0
Star Wars: Jedi Temple Challenge,7.6,0,0,0,0,0
Black Files Declassified,7.0,0,0,0,0,0
Agua Donkeys,7.2,0,0,0,0,0
StarBeam,6.9,0,0,0,0,0
Remy & Boo,9.0,0,0,0,0,0
Herederos por accidente,8.2,0,0,0,0,0
Ladies Up,4.3,0,0,0,0,0
Benza English,9.3,0,0,0,0,0
Joseline's Cabaret: Miami,7.1,0,0,0,0,0
Russell Howard's Home Time,6.0,0,0,0,0,0
Hospital Playlist,8.7,0,0,0,0,0
Bäckström,6.6,0,0,0,0,0
Avkledd,7.2,0,0,0,0,0
Unsellable Houses,6.7,0,0,0,0,0
Side Hustle,6.9,0,0,0,0,0
Spy Games,5.9,0,0,0,0,0
Diário de Um Confinado,7.7,0,0,0,0,0
The Sommerdahl Murders,6.0,0,0,0,0,0
Curse of the Bermuda Triangle,6.8,0,0,0,0,0
Eating History,7.5,0,0,0,0,0
Crime Beat,7.6,0,0,0,0,0
A Killer Party: A Murder Mystery Musical,9.6,0,0,0,0,0
Puerta 7,5.5,0,0,0,0,0
Celebrity Hunted: Caccia all'uomo,5.7,0,0,0,0,0
Making It Home with Kortney & Dave,5.9,0,0,0,0,0
Multifaceted,8.3,0,0,0,0,0
Theseus no fune,7.4,0,0,0,0,0
Borrasca,9.3,0,0,0,0,0
Critter Fixers: Country Vets,8.9,0,0,0,0,0
The 8th Son? Are You Kidding Me?,6.0,0,0,0,0,0
Amningsrummet,5.0,0,0,0,0,0
Cherry Magic! Thirty Years of Virginity Can Make You a Wizard?!,9.6,0,0,0,0,0
Control Z,6.9,0,0,0,0,0
Lalbazaar,8.0,0,0,0,0,0
Hotel Paranormal,6.1,0,0,0,0,0
Bofuri: I Don't Want to Get Hurt So I'll Max Out My Defense,7.4,0,0,0,0,0
Defining Moments with OZY,5.5,0,0,0,0,0
Mysteries of the Deep,6.7,0,0,0,0,0
Gösta,7.5,0,0,0,0,0
Avocado Toast the series,6.1,0,0,0,0,0
Alaska PD,7.4,0,0,0,0,0
Ishq Mein Marjawan 2,7.5,0,0,0,0,0
A Piece of Your Mind,7.3,0,0,0,0,0
Taj Mahal 1989,7.5,0,0,0,0,0
Informer 3838,6.6,0,0,0,0,0
Undekhi,8.6,0,0,0,0,0
Drifting Dragons,6.1,0,0,0,0,0
Hot Ones: The Game Show,4.2,0,0,0,0,0
A Day-Off of Kasumi Arimura,6.7,0,0,0,0,0
Sigurd fåkke pult,8.0,0,0,0,0,0
Go! Go! Cory Carson,7.9,0,0,0,0,0
My Left Nut,7.5,0,0,0,0,0
Vis a Vis: El Oasis,6.8,0,0,0,0,0
Big Dogs,4.6,0,0,0,0,0
Uncool with Alexa Bliss,5.1,0,0,0,0,0
